{
  "version": "3.0",
  "last_trained": "2025-11-11T12:26:22.038897+00:00",
  "total_samples": 24,
  "num_teams": 44,
  "num_leagues": 4,
  "best_val_loss": 4.033587455749512,
  "best_val_acc": 100.0,
  "epochs_trained": 30,
  "team_to_idx": {
    "- LaLiga": 0,
    "15542 OCH\n\n<\n\na Ligue 1 McDonalds\nÀ 17h15 eue ts\n\nAngers 8": 1,
    "15542 OCH\n\n<\n\na Ligue 1 McDonalds\nÀ 17h15 eue ts\n\nStrasbourg 8": 2,
    "15542 OCH\n\n<\n\na Ligue 1 McDonalds\nÀ 20h45 neue 14\n\nLyon ®": 3,
    "15552 OCH": 4,
    "15552 OCH\n\n<\noF LaLiga\nÀ 18h30\n\nCF Valence G": 5,
    "15562 OCH": 6,
    "15562 OCH\n\n<\na LaLiga\nÀ 18h30\n\nMajorque 6": 7,
    "15562 OCH\n\n<\na LaLiga\nÀ 21h00 ŒI2:2\n\nCelta Vigo 8": 8,
    "15572 OCH\n\n<\n\noF Bundesliga 1\n\nÀ 19h30\nEin.Francfor\nt D": 9,
    "15572 OCH\n\n<\n\noe Liga Portugal\nÀ 16h30\n\nAVS Futebol O": 10,
    "15572 OCH\n\n<\n\noe Liga Portugal\nÀ 16h30\n\nCF Estrela Q": 11,
    "15582 OCH\n\n<\n\noe Liga Portugal\nÀ 19h00\n\nFamalicao ©": 12,
    "15582 OCH\n\n<\n\noe Liga Portugal\nÀ 21h30\n\nBraga ©": 13,
    "15592 OCH\n\n<\n\noe Liga Portugal\nÀ 21h30\n\nBenfica ©": 14,
    "8 Auxerre\n=) Je\n\naris Pari sur mesure Stats Com!\n\n1-0 0-0 0-1\n5,40 5,50 6,10\n2-0 1-1 0-2\n9,00 4,70 11,50\n2-1 DoD 1-2\n8,70 14,50 9,70\n3-0 3-3 0-3\n235 100 32\n3-1 4-4 1-3\n22 100 27\n3-2 2-3\n42 47\n4-0 0-4\n7G 100\n4-1 1-4\n74 100\n4-2 2\n100 19": 15,
    "8 Auxerre\n=) Le\n\nParis Parisur mesure Stats Compos\n\n1-0 0-0 0-1\n5,40 5,50 6,10\n2-0 1-1 0-2\n9,00 4,70 11,50\n2-1 No 1-2\n8,7 14,50 9,70\n3-0 3-3 0-3\n25 100 352\n3-1 4-4 1-3\n22 100 27\n3-2 2-3\n42 47\n4-0 0-4\n76 100\n4-1 1-4\n74 100\n\n4-2 2\n100 1&8\n4-3 3-4\n\nMT\n8)": 16,
    "8 Gil Vicente\n\n=) Le\nParis Parisur mesure Stats Compos\n\n1-0 0-0 0-1\n10 6,80 4,60\n2-0 1-1 0-2\n28 6,10 5,60\n2-1 2-2 1-2\n17 20 7,70\n3-0 3-3 0-3\n100 100 10\n3-1 4-4 1-3\n71 100 14\n3-2 2-3\n87 38\n4-0 0-4\n100 24\n4-1 1-4\n100 34\n4-2 2-7\n100 of &\n4-3 3 at\nInn Inn\n\nMT\n8)": 17,
    "8 Lille\n=) Le\n\nParis Parisur mesure Stats Compos\n\n1-0 0-0 0-1\n9,50 12 9,20\n2-0 1-1 0-2\n12,50 5,6 12\n2-1 2-2 1-2\n8,50 9,60 8,10\n3-0 3-3 0-3\n25 356 235\n3-1 4-4 1-3\n16 100 15\n3-2 2-3\n21 20\n4-0 0-4\n66 59\n4-1 1-4\n45 39\n\n4-2 2\n56 1\n4-3 3-4\n\nIl\n8)": 18,
    "8 Paris SG\n\n6 ad\nParis Parisur mesure\n\n1-0 0-0 0-1\n11,50 11 6,70\n2-0 1-1 0-2\n21 6,1 7,30\n2-1 2-2 1-2\n11,5 12 6,90\n3-0 3-3 0-3\n59 54 11,50\n3-1 4-4 1-3\n352 100 11\n3-2 2-3\n355 20\n4-0 0-4\n100 25\n4-1 1-4\n100 23\n4-2 2\n100 .&\n4-3 322\n\nIl\n0": 19,
    "<": 20,
    "< a Majorque": 21,
    "< a Majorque 6": 22,
    "< a McDonalds eue ts": 23,
    "< oe CF Estrela Q": 24,
    "@ Betis Séville\n(=) La\n\nParis Parisur mesure Stats Compos\n\n1-0 0-0 0-1\n8,80 8,90 6,80\n2-0 1-1 0-2\n14,50 5,20 8,70\n2-1 2-2 1-2\n9,70 11 7,50\n3-0 3-3 0-3\n37 53 17\n3-1 4-4 1-3\n24 100 14\n3-2 2-3\n31 24\n4-0 0-4\n100 42\n4-1 1-4\n81 56\n\n4-2 2\n100 (©\n4-3 3-4\n\nMT\n8)": 25,
    "@ Casa Pia\ne wf\n\nParis Parisurmesure Stats Compos\n\n1-0 0-0 0-1\n5,50 15 29\n2-0 1-1 0-2\n4,25 14,50 100\n2-1 2-2 1-2\n9,50 51 52\n3-0 3-3 0-3\n4,95 100 100\n3-1 fi 1-3\n11 100 100\n3-2 2-3\n48 100\n4-0 0-4\n7,60 100\n4-1 1-4\n17 100\n4-2 2\n76 1\n4-3 3-4\n\nMT\n8)": 26,
    "@ Toulouse\n(=) La\n\nParis Parisur mesure Stats Compos\n\n1-0 0-0 0-1\n7,50 7,60 6,40\n2-0 1-1 0-2\n12 5,00 9,50\n2-1 2-2 1-2\n9,00 12 7,90\n3-0 3-3 0-3\n30 66 20\n3-1 4-4 1-3\n22 100 17\n3-2 2-3\n33 29\n4-0 0-4\n100 60\n4-1 1-4\n74 50\n4-2 2\n100 i@\n4-3 3-4\n\nMT\n8)": 27,
    "Auxerre =": 28,
    "B Geta = Q rch": 29,
    "B Getafe\n=) Le Q rch\n\nParis Parisurmesure Stats Compos\n\n1-0 0-0 0-1\n4,65 4,15 5,10\n2-0 1-1 0-2\n9,10 4,75 11\n2-1 2-2 1-2\n10 21 11,50\n3-0 3-3 0-3\n27 100 37\n3-1 4-4 1-3\n30 100 38\n3-2 2-3\n68 76\n4-0 0-4\n100 100\n4-1 1-4\n100 100\n4-2 2\n100 1 ©\n4-3 3-4\n\nIl\n0": 30,
    "Bundesliga 1\nÀ 17h30 GEG\nStuttgart ©": 31,
    "Moreirense\n\n=) Le\nParis Parisur mesure Stats Compos\n1-0 0-0 0-1\n5,10 9,50 14,50\n2-0 1-1 0-2\n5,10 7,50 435\n2-1 2-2 1-2\n7,50 22 22\n3-0 3-3 0-3\n7,50 100 100\n3-1 4-4 1-3\n11 100 96\n3-2 2-3\n33 97\n4-0 0-4\n15 100\n4-1 1-4\n22 100\n4-2 2-7\n65 1 =)\n205 3 ae\nANN ANN\n\nMT\n8)": 32,
    "O CD Nacional\n=) ja\n\nParis Parisur mesure Stats Compos\n\n1-0 0-0 0-1\n6,20 7,00 7,30\n2-0 1-1 0-2\n9,30 5,10 13\n2-1 2-2 1-2\n8,50 13,50 9,90\n3-0 3-3 0-3\n21 82 34\n3-1 4-4 1-3\n19 100 26\n3-2 2-3\n34 40\n4-0 0-4\n63 100\n4-1 1-4\n57 94\n\n4-2 2\n100 1%\n4-3 3-4\n\nMT\n8)": 33,
    "O CD Nacional =) ja": 34,
    "_ Ligue 1 McDonalds\nÀ 17h15 neue 1e\n\nAngers 8": 35,
    "a Ligue 1 McDonalds": 36,
    "a Ligue 1 McDonalds\nÀ 15h00 11e01r 14\n\nLorient 8": 37,
    "af\n\nBarcelone\n6 Cal\nParis Pari sur mesure\n\n1-0 0-0 0-1\n18 20 10,50\n2-0 1-1 0-2\n26 7,70 9,60\n2-1 2-2 1-2\n12 10 7,30\n3-0 3-3 0-3\n58 29 13\n3-1 4-4 1-3\n26 100 9,60\n3-2 2-3\n23 14\n4-0 0-4\n100 23\n4-1 1-4\n77 17\n4-2 2 &\n69 2a. 4\n\nIl\n8)": 38,
    "© FC Porto\ne wf\n\nParis Parisurmesure Stats Compos\n\n1-0 0-0 0-1\n\n11,50 8,80 5,10\n2-0 1-1 0-2\n30 6,80 5,60\n2-1 DoD 1-2\n17 19 7,30\n3-0 3-3 0-3\n100 100 9,10\n3-1 4-4 1-3\n65 100 12\n3-2 2-3\n73 31\n4-0 0-4\n100 20\n4-1 1-4\n100 26\n4-2 2\n100 ES.\n4-3 ou\n\nMT\n8)": 39,
    "® Mayence\n=) Le\nParis Parisur mesure Stats Compos\n\n1-0 0-0 0-1\n\n8,70 14,50 15\n2-0 1-1 0-2\n\n9,00 6,50 20\n2-1 2-2 1-2\n\n7,20 10,50 10,50\n3-0 3-3 0-3\n14 38 47\n3-1 4-4 1-3\n11 100 25\n3-2 2-3\n17 26\n4-0 0-4\n28 100\n4-1 1-4\n22 77\n4-2 2 © |\n35 Sud\n\nIl\n8)": 40,
    "À 17h15 eue ts": 41,
    "Ü Augsburg\n=) Fe\niris Pari sur mesure Stats Com,\n1-0 0-0 0-1\n6,60 12,50 14,50\n2-0 1-1 0-2\n6,40 710 31\n2-1 2-2 1-2\n6,90 14,50 15\n3-0 3-3 0-3\n9,00 66 100\n3-1 4-4 1-3\n9,70 100 48\n3-2 2-3\n21 46\n4-0 0-4\n17 100\n4-1 1-4\n18 100\n4-2 2": 42,
    "’ A16h15 C5:": 43
  },
  "league_to_idx": {
    "Bundesliga": 0,
    "LaLiga": 1,
    "Ligue1": 2,
    "PrimeiraLiga": 3
  },
  "last_updated": "2025-11-11T12:26:22.038914+00:00"
}