{
  "timestamp": "2025-11-12T16:46:57.911106",
  "matches_processed": 216,
  "avg_loss": {
    "LaLiga": 3.9647329609775794,
    "PremierLeague": 4.550829162402364,
    "SerieA": 6.4807773304947816,
    "Eredivisie": 4.442765127961839,
    "ChampionsLeague": 4.472591358510306,
    "Unknown": 5.483206819902172,
    "Ligue1": 7.179187036336294,
    "Campeonato Brasileiro Série A": 6.930837449284402,
    "Bundesliga": 5.594744984032287,
    "Ligue 1": 2.2072749131897207,
    "Serie A": 2.8526717286454972,
    "Championship": 5.012417373904343,
    "Primera Division": 7.7651544930281,
    "Primeira Liga": 4.925924188904688,
    "Premier League": 13.815510557964274,
    "PrimeiraLiga": 2.1202635362000914
  },
  "global_avg_loss": 5.469268295797755,
  "priors": {
    "draw_prior": 0.35,
    "avg_goals": 1.817173143447052,
    "home_advantage": 1.05,
    "high_score_penalty": 0.75
  },
  "league_stats": {
    "LaLiga": {
      "avg_loss": 3.9647329609775794,
      "matches": 19,
      "accuracy": 0.0
    },
    "PremierLeague": {
      "avg_loss": 4.550829162402364,
      "matches": 5,
      "accuracy": 20.0
    },
    "SerieA": {
      "avg_loss": 6.4807773304947816,
      "matches": 3,
      "accuracy": 0.0
    },
    "Eredivisie": {
      "avg_loss": 4.442765127961839,
      "matches": 15,
      "accuracy": 20.0
    },
    "ChampionsLeague": {
      "avg_loss": 4.472591358510306,
      "matches": 5,
      "accuracy": 0.0
    },
    "Unknown": {
      "avg_loss": 5.483206819902172,
      "matches": 86,
      "accuracy": 8.13953488372093
    },
    "Ligue1": {
      "avg_loss": 7.179187036336294,
      "matches": 39,
      "accuracy": 2.564102564102564
    },
    "Campeonato Brasileiro Série A": {
      "avg_loss": 6.930837449284402,
      "matches": 5,
      "accuracy": 0.0
    },
    "Bundesliga": {
      "avg_loss": 5.594744984032287,
      "matches": 10,
      "accuracy": 10.0
    },
    "Ligue 1": {
      "avg_loss": 2.2072749131897207,
      "matches": 1,
      "accuracy": 0.0
    },
    "Serie A": {
      "avg_loss": 2.8526717286454972,
      "matches": 3,
      "accuracy": 0.0
    },
    "Championship": {
      "avg_loss": 5.012417373904343,
      "matches": 12,
      "accuracy": 16.666666666666664
    },
    "Primera Division": {
      "avg_loss": 7.7651544930281,
      "matches": 2,
      "accuracy": 50.0
    },
    "Primeira Liga": {
      "avg_loss": 4.925924188904688,
      "matches": 4,
      "accuracy": 25.0
    },
    "Premier League": {
      "avg_loss": 13.815510557964274,
      "matches": 1,
      "accuracy": 0.0
    },
    "PrimeiraLiga": {
      "avg_loss": 2.1202635362000914,
      "matches": 6,
      "accuracy": 0.0
    }
  }
}