{
  "timestamp": "2025-11-18T09:16:07.341566",
  "matches_processed": 355,
  "avg_loss": {
    "LaLiga": 3.9647329609775794,
    "PremierLeague": 4.550829162402364,
    "SerieA": 6.4807773304947816,
    "Eredivisie": 6.785951485462448,
    "ChampionsLeague": 4.472591358510306,
    "Unknown": 5.444552299399849,
    "Ligue1": 8.064030172553357,
    "Campeonato Brasileiro Série A": 5.597485198753425,
    "Bundesliga": 5.594744984032287,
    "Ligue 1": 2.2072749131897207,
    "Serie A": 2.8526717286454972,
    "Championship": 5.012417373904343,
    "Primera Division": 7.7651544930281,
    "Primeira Liga": 4.925924188904688,
    "Premier League": 13.815510557964274,
    "PrimeiraLiga": 2.1202635362000914,
    "WorldCupQualification": 6.424114440209308
  },
  "global_avg_loss": 6.03660660771025,
  "priors": {
    "draw_prior": 0.35,
    "avg_goals": 1.6584848643492511,
    "home_advantage": 1.05,
    "high_score_penalty": 0.75
  },
  "league_stats": {
    "LaLiga": {
      "avg_loss": 3.9647329609775794,
      "matches": 19,
      "accuracy": 0.0
    },
    "PremierLeague": {
      "avg_loss": 4.550829162402364,
      "matches": 5,
      "accuracy": 20.0
    },
    "SerieA": {
      "avg_loss": 6.4807773304947816,
      "matches": 3,
      "accuracy": 0.0
    },
    "Eredivisie": {
      "avg_loss": 6.785951485462448,
      "matches": 20,
      "accuracy": 15.0
    },
    "ChampionsLeague": {
      "avg_loss": 4.472591358510306,
      "matches": 5,
      "accuracy": 0.0
    },
    "Unknown": {
      "avg_loss": 5.444552299399849,
      "matches": 87,
      "accuracy": 8.045977011494253
    },
    "Ligue1": {
      "avg_loss": 8.064030172553357,
      "matches": 45,
      "accuracy": 2.2222222222222223
    },
    "Campeonato Brasileiro Série A": {
      "avg_loss": 5.597485198753425,
      "matches": 7,
      "accuracy": 0.0
    },
    "Bundesliga": {
      "avg_loss": 5.594744984032287,
      "matches": 10,
      "accuracy": 10.0
    },
    "Ligue 1": {
      "avg_loss": 2.2072749131897207,
      "matches": 1,
      "accuracy": 0.0
    },
    "Serie A": {
      "avg_loss": 2.8526717286454972,
      "matches": 3,
      "accuracy": 0.0
    },
    "Championship": {
      "avg_loss": 5.012417373904343,
      "matches": 12,
      "accuracy": 16.666666666666664
    },
    "Primera Division": {
      "avg_loss": 7.7651544930281,
      "matches": 2,
      "accuracy": 50.0
    },
    "Primeira Liga": {
      "avg_loss": 4.925924188904688,
      "matches": 4,
      "accuracy": 25.0
    },
    "Premier League": {
      "avg_loss": 13.815510557964274,
      "matches": 1,
      "accuracy": 0.0
    },
    "PrimeiraLiga": {
      "avg_loss": 2.1202635362000914,
      "matches": 6,
      "accuracy": 0.0
    },
    "WorldCupQualification": {
      "avg_loss": 6.424114440209308,
      "matches": 125,
      "accuracy": 0.0
    }
  }
}