{
  "timestamp": "2025-11-08T23:56:35.069681",
  "matches_processed": 90,
  "avg_loss": {
    "LaLiga": 7.8563152714250775,
    "PremierLeague": 1.7147984280919266,
    "SerieA": 13.815510557964274,
    "Eredivisie": 3.6693342234897486,
    "ChampionsLeague": 4.472591358510306,
    "Unknown": 5.633772729117806,
    "Ligue1": 1.8971199848858813
  },
  "global_avg_loss": 5.438061607694691,
  "priors": {
    "draw_prior": 0.35,
    "avg_goals": 2.31858186939,
    "home_advantage": 1.05,
    "high_score_penalty": 0.75
  },
  "league_stats": {
    "LaLiga": {
      "avg_loss": 7.8563152714250775,
      "matches": 4,
      "accuracy": 0.0
    },
    "PremierLeague": {
      "avg_loss": 1.7147984280919266,
      "matches": 1,
      "accuracy": 100.0
    },
    "SerieA": {
      "avg_loss": 13.815510557964274,
      "matches": 1,
      "accuracy": 0.0
    },
    "Eredivisie": {
      "avg_loss": 3.6693342234897486,
      "matches": 7,
      "accuracy": 28.57142857142857
    },
    "ChampionsLeague": {
      "avg_loss": 4.472591358510306,
      "matches": 5,
      "accuracy": 0.0
    },
    "Unknown": {
      "avg_loss": 5.633772729117806,
      "matches": 69,
      "accuracy": 10.144927536231885
    },
    "Ligue1": {
      "avg_loss": 1.8971199848858813,
      "matches": 3,
      "accuracy": 0.0
    }
  }
}